cmpt_id,cmpt_name,cmpt_version,app_id,app_name,app_version,license,status,requester,description,monitoring_id,monitoring_digest,issue_count
00000000,cmpt_0,93.75.14,00000000,cmpt_0,93.75.14,GPLv3,approved,Nate's Buffer Builder,Description of cmpt_0,00000000,na,0
00000001,cmpt_1,64.77.25,00000000,cmpt_0,93.75.14,GPLv3,approved,Nate's Buffer Builder,Description of cmpt_0,00000001,na,0
00000002,cmpt_2,67.7.23,00000001,cmpt_1,64.77.25,GPLv3,approved,Nate's Buffer Builder,Description of cmpt_1,00000002,na,0
00000003,cmpt_3,23.85.86,00000002,cmpt_2,67.7.23,GPLv3,approved,Nate's Buffer Builder,Description of cmpt_2,00000003,na,0
00000004,cmpt_4,50.56.2,00000003,cmpt_3,23.85.86,GPLv3,approved,Nate's Buffer Builder,Description of cmpt_3,00000004,na,0
00000005,cmpt_5,35.60.33,00000004,cmpt_4,50.56.2,GPLv3,approved,Nate's Buffer Builder,Description of cmpt_4,00000005,na,0
00000006,cmpt_6,49.51.96,00000000,cmpt_0,93.75.14,GPLv3,approved,Nate's Buffer Builder,Description of cmpt_0,00000006,na,0
00000007,cmpt_7,78.97.73,00000006,cmpt_6,49.51.96,GPLv3,approved,Nate's Buffer Builder,Description of cmpt_6,00000007,na,0
00000008,cmpt_8,22.59.6,00000007,cmpt_7,78.97.73,GPLv3,approved,Nate's Buffer Builder,Description of cmpt_7,00000008,na,0
00000009,cmpt_9,44.63.40,00000008,cmpt_8,22.59.6,GPLv3,approved,Nate's Buffer Builder,Description of cmpt_8,00000009,na,0
00000010,cmpt_10,51.45.3,00000009,cmpt_9,44.63.40,GPLv3,approved,Nate's Buffer Builder,Description of cmpt_9,00000010,na,0
00000011,cmpt_11,61.26.22,00000010,cmpt_10,51.45.3,GPLv3,approved,Nate's Buffer Builder,Description of cmpt_10,00000011,na,0
00000012,cmpt_12,88.47.67,00000000,cmpt_0,93.75.14,GPLv3,approved,Nate's Buffer Builder,Description of cmpt_0,00000012,na,0
00000013,cmpt_13,46.60.71,00000012,cmpt_12,88.47.67,GPLv3,approved,Nate's Buffer Builder,Description of cmpt_12,00000013,na,0
00000014,cmpt_14,4.78.27,00000013,cmpt_13,46.60.71,GPLv3,approved,Nate's Buffer Builder,Description of cmpt_13,00000014,na,0
00000015,cmpt_15,21.44.4,00000014,cmpt_14,4.78.27,GPLv3,approved,Nate's Buffer Builder,Description of cmpt_14,00000015,na,0
00000016,cmpt_16,26.93.92,00000015,cmpt_15,21.44.4,GPLv3,approved,Nate's Buffer Builder,Description of cmpt_15,00000016,na,0
00000017,cmpt_17,65.65.69,00000016,cmpt_16,26.93.92,GPLv3,approved,Nate's Buffer Builder,Description of cmpt_16,00000017,na,0
00000018,cmpt_18,62.64.56,00000000,cmpt_0,93.75.14,GPLv3,approved,Nate's Buffer Builder,Description of cmpt_0,00000018,na,0
00000019,cmpt_19,41.71.91,00000018,cmpt_18,62.64.56,GPLv3,approved,Nate's Buffer Builder,Description of cmpt_18,00000019,na,0
00000020,cmpt_20,60.82.15,00000019,cmpt_19,41.71.91,GPLv3,approved,Nate's Buffer Builder,Description of cmpt_19,00000020,na,0
00000021,cmpt_21,2.83.78,00000020,cmpt_20,60.82.15,GPLv3,approved,Nate's Buffer Builder,Description of cmpt_20,00000021,na,0
00000022,cmpt_22,23.83.26,00000021,cmpt_21,2.83.78,GPLv3,approved,Nate's Buffer Builder,Description of cmpt_21,00000022,na,0
00000023,cmpt_23,15.83.97,00000022,cmpt_22,23.83.26,GPLv3,approved,Nate's Buffer Builder,Description of cmpt_22,00000023,na,0
00000024,cmpt_24,11.83.60,00000000,cmpt_0,93.75.14,GPLv3,approved,Nate's Buffer Builder,Description of cmpt_0,00000024,na,0
00000025,cmpt_25,60.82.85,00000024,cmpt_24,11.83.60,GPLv3,approved,Nate's Buffer Builder,Description of cmpt_24,00000025,na,0
00000026,cmpt_26,43.26.94,00000025,cmpt_25,60.82.85,GPLv3,approved,Nate's Buffer Builder,Description of cmpt_25,00000026,na,0
00000027,cmpt_27,55.46.11,00000026,cmpt_26,43.26.94,GPLv3,approved,Nate's Buffer Builder,Description of cmpt_26,00000027,na,0
00000028,cmpt_28,49.52.34,00000027,cmpt_27,55.46.11,GPLv3,approved,Nate's Buffer Builder,Description of cmpt_27,00000028,na,0
00000029,cmpt_29,79.55.11,00000028,cmpt_28,49.52.34,GPLv3,approved,Nate's Buffer Builder,Description of cmpt_28,00000029,na,0
00000030,cmpt_30,27.30.20,00000000,cmpt_0,93.75.14,GPLv3,approved,Nate's Buffer Builder,Description of cmpt_0,00000030,na,0
00000031,cmpt_31,34.38.71,00000030,cmpt_30,27.30.20,GPLv3,approved,Nate's Buffer Builder,Description of cmpt_30,00000031,na,0
00000032,cmpt_32,81.67.18,00000031,cmpt_31,34.38.71,GPLv3,approved,Nate's Buffer Builder,Description of cmpt_31,00000032,na,0
00000033,cmpt_33,69.15.74,00000032,cmpt_32,81.67.18,GPLv3,approved,Nate's Buffer Builder,Description of cmpt_32,00000033,na,0
00000034,cmpt_34,39.90.55,00000033,cmpt_33,69.15.74,GPLv3,approved,Nate's Buffer Builder,Description of cmpt_33,00000034,na,0
00000035,cmpt_35,93.62.69,00000034,cmpt_34,39.90.55,GPLv3,approved,Nate's Buffer Builder,Description of cmpt_34,00000035,na,0
00000036,cmpt_36,57.67.86,00000000,cmpt_0,93.75.14,GPLv3,approved,Nate's Buffer Builder,Description of cmpt_0,00000036,na,0
00000037,cmpt_37,88.72.69,00000036,cmpt_36,57.67.86,GPLv3,approved,Nate's Buffer Builder,Description of cmpt_36,00000037,na,0
00000038,cmpt_38,39.45.73,00000037,cmpt_37,88.72.69,GPLv3,approved,Nate's Buffer Builder,Description of cmpt_37,00000038,na,0
00000039,cmpt_39,11.10.50,00000038,cmpt_38,39.45.73,GPLv3,approved,Nate's Buffer Builder,Description of cmpt_38,00000039,na,0
00000040,cmpt_40,79.91.39,00000039,cmpt_39,11.10.50,GPLv3,approved,Nate's Buffer Builder,Description of cmpt_39,00000040,na,0
00000041,cmpt_41,47.12.81,00000040,cmpt_40,79.91.39,GPLv3,approved,Nate's Buffer Builder,Description of cmpt_40,00000041,na,0
00000042,cmpt_42,99.12.3,00000000,cmpt_0,93.75.14,GPLv3,approved,Nate's Buffer Builder,Description of cmpt_0,00000042,na,0
00000043,cmpt_43,43.37.76,00000042,cmpt_42,99.12.3,GPLv3,approved,Nate's Buffer Builder,Description of cmpt_42,00000043,na,0
00000044,cmpt_44,47.84.21,00000043,cmpt_43,43.37.76,GPLv3,approved,Nate's Buffer Builder,Description of cmpt_43,00000044,na,0
00000045,cmpt_45,62.1.54,00000044,cmpt_44,47.84.21,GPLv3,approved,Nate's Buffer Builder,Description of cmpt_44,00000045,na,0
00000046,cmpt_46,53.38.12,00000045,cmpt_45,62.1.54,GPLv3,approved,Nate's Buffer Builder,Description of cmpt_45,00000046,na,0
00000047,cmpt_47,86.80.46,00000046,cmpt_46,53.38.12,GPLv3,approved,Nate's Buffer Builder,Description of cmpt_46,00000047,na,0
00000048,cmpt_48,93.40.55,00000000,cmpt_0,93.75.14,GPLv3,approved,Nate's Buffer Builder,Description of cmpt_0,00000048,na,0
00000049,cmpt_49,74.92.65,00000048,cmpt_48,93.40.55,GPLv3,approved,Nate's Buffer Builder,Description of cmpt_48,00000049,na,0
00000050,cmpt_50,39.19.14,00000049,cmpt_49,74.92.65,GPLv3,approved,Nate's Buffer Builder,Description of cmpt_49,00000050,na,0
00000051,cmpt_51,32.16.13,00000050,cmpt_50,39.19.14,GPLv3,approved,Nate's Buffer Builder,Description of cmpt_50,00000051,na,0
00000052,cmpt_52,58.17.97,00000051,cmpt_51,32.16.13,GPLv3,approved,Nate's Buffer Builder,Description of cmpt_51,00000052,na,0
00000053,cmpt_53,73.63.97,00000052,cmpt_52,58.17.97,GPLv3,approved,Nate's Buffer Builder,Description of cmpt_52,00000053,na,0
00000054,cmpt_54,31.83.78,00000000,cmpt_0,93.75.14,GPLv3,approved,Nate's Buffer Builder,Description of cmpt_0,00000054,na,0
00000055,cmpt_55,41.81.42,00000054,cmpt_54,31.83.78,GPLv3,approved,Nate's Buffer Builder,Description of cmpt_54,00000055,na,0
00000056,cmpt_56,23.97.38,00000055,cmpt_55,41.81.42,GPLv3,approved,Nate's Buffer Builder,Description of cmpt_55,00000056,na,0
00000057,cmpt_57,6.83.4,00000056,cmpt_56,23.97.38,GPLv3,approved,Nate's Buffer Builder,Description of cmpt_56,00000057,na,0
00000058,cmpt_58,31.38.48,00000057,cmpt_57,6.83.4,GPLv3,approved,Nate's Buffer Builder,Description of cmpt_57,00000058,na,0
00000059,cmpt_59,23.93.50,00000058,cmpt_58,31.38.48,GPLv3,approved,Nate's Buffer Builder,Description of cmpt_58,00000059,na,0
00000060,cmpt_60,89.4.64,00000000,cmpt_0,93.75.14,GPLv3,approved,Nate's Buffer Builder,Description of cmpt_0,00000060,na,0
00000061,cmpt_61,2.80.100,00000060,cmpt_60,89.4.64,GPLv3,approved,Nate's Buffer Builder,Description of cmpt_60,00000061,na,0
00000062,cmpt_62,97.80.53,00000061,cmpt_61,2.80.100,GPLv3,approved,Nate's Buffer Builder,Description of cmpt_61,00000062,na,0
00000063,cmpt_63,81.53.82,00000062,cmpt_62,97.80.53,GPLv3,approved,Nate's Buffer Builder,Description of cmpt_62,00000063,na,0
00000064,cmpt_64,88.72.100,00000063,cmpt_63,81.53.82,GPLv3,approved,Nate's Buffer Builder,Description of cmpt_63,00000064,na,0
00000065,cmpt_65,83.58.41,00000064,cmpt_64,88.72.100,GPLv3,approved,Nate's Buffer Builder,Description of cmpt_64,00000065,na,0
00000066,cmpt_66,30.47.80,00000000,cmpt_0,93.75.14,GPLv3,approved,Nate's Buffer Builder,Description of cmpt_0,00000066,na,0
00000067,cmpt_67,70.86.80,00000066,cmpt_66,30.47.80,GPLv3,approved,Nate's Buffer Builder,Description of cmpt_66,00000067,na,0
00000068,cmpt_68,9.39.3,00000067,cmpt_67,70.86.80,GPLv3,approved,Nate's Buffer Builder,Description of cmpt_67,00000068,na,0
00000069,cmpt_69,67.84.27,00000068,cmpt_68,9.39.3,GPLv3,approved,Nate's Buffer Builder,Description of cmpt_68,00000069,na,0
00000070,cmpt_70,59.50.37,00000069,cmpt_69,67.84.27,GPLv3,approved,Nate's Buffer Builder,Description of cmpt_69,00000070,na,0
00000071,cmpt_71,72.71.81,00000070,cmpt_70,59.50.37,GPLv3,approved,Nate's Buffer Builder,Description of cmpt_70,00000071,na,0
00000072,cmpt_72,55.23.33,00000000,cmpt_0,93.75.14,GPLv3,approved,Nate's Buffer Builder,Description of cmpt_0,00000072,na,0
00000073,cmpt_73,45.77.22,00000072,cmpt_72,55.23.33,GPLv3,approved,Nate's Buffer Builder,Description of cmpt_72,00000073,na,0
00000074,cmpt_74,93.60.4,00000073,cmpt_73,45.77.22,GPLv3,approved,Nate's Buffer Builder,Description of cmpt_73,00000074,na,0
00000075,cmpt_75,4.97.81,00000074,cmpt_74,93.60.4,GPLv3,approved,Nate's Buffer Builder,Description of cmpt_74,00000075,na,0
00000076,cmpt_76,40.19.85,00000075,cmpt_75,4.97.81,GPLv3,approved,Nate's Buffer Builder,Description of cmpt_75,00000076,na,0
00000077,cmpt_77,65.84.28,00000076,cmpt_76,40.19.85,GPLv3,approved,Nate's Buffer Builder,Description of cmpt_76,00000077,na,0
00000078,cmpt_78,98.28.40,00000000,cmpt_0,93.75.14,GPLv3,approved,Nate's Buffer Builder,Description of cmpt_0,00000078,na,0
00000079,cmpt_79,30.25.53,00000078,cmpt_78,98.28.40,GPLv3,approved,Nate's Buffer Builder,Description of cmpt_78,00000079,na,0
00000080,cmpt_80,10.15.27,00000079,cmpt_79,30.25.53,GPLv3,approved,Nate's Buffer Builder,Description of cmpt_79,00000080,na,0
00000081,cmpt_81,62.31.66,00000080,cmpt_80,10.15.27,GPLv3,approved,Nate's Buffer Builder,Description of cmpt_80,00000081,na,0
00000082,cmpt_82,6.61.14,00000081,cmpt_81,62.31.66,GPLv3,approved,Nate's Buffer Builder,Description of cmpt_81,00000082,na,0
00000083,cmpt_83,99.91.5,00000082,cmpt_82,6.61.14,GPLv3,approved,Nate's Buffer Builder,Description of cmpt_82,00000083,na,0
00000084,cmpt_84,78.35.47,00000000,cmpt_0,93.75.14,GPLv3,approved,Nate's Buffer Builder,Description of cmpt_0,00000084,na,0
00000085,cmpt_85,10.69.50,00000084,cmpt_84,78.35.47,GPLv3,approved,Nate's Buffer Builder,Description of cmpt_84,00000085,na,0
00000086,cmpt_86,98.21.62,00000085,cmpt_85,10.69.50,GPLv3,approved,Nate's Buffer Builder,Description of cmpt_85,00000086,na,0
00000087,cmpt_87,71.3.92,00000086,cmpt_86,98.21.62,GPLv3,approved,Nate's Buffer Builder,Description of cmpt_86,00000087,na,0
00000088,cmpt_88,50.71.48,00000087,cmpt_87,71.3.92,GPLv3,approved,Nate's Buffer Builder,Description of cmpt_87,00000088,na,0
00000089,cmpt_89,63.59.18,00000088,cmpt_88,50.71.48,GPLv3,approved,Nate's Buffer Builder,Description of cmpt_88,00000089,na,0
00000090,cmpt_90,2.65.58,00000000,cmpt_0,93.75.14,GPLv3,approved,Nate's Buffer Builder,Description of cmpt_0,00000090,na,0
00000091,cmpt_91,14.44.89,00000090,cmpt_90,2.65.58,GPLv3,approved,Nate's Buffer Builder,Description of cmpt_90,00000091,na,0
00000092,cmpt_92,78.3.65,00000091,cmpt_91,14.44.89,GPLv3,approved,Nate's Buffer Builder,Description of cmpt_91,00000092,na,0
00000093,cmpt_93,2.78.68,00000092,cmpt_92,78.3.65,GPLv3,approved,Nate's Buffer Builder,Description of cmpt_92,00000093,na,0
00000094,cmpt_94,28.59.32,00000093,cmpt_93,2.78.68,GPLv3,approved,Nate's Buffer Builder,Description of cmpt_93,00000094,na,0
00000095,cmpt_95,96.34.17,00000094,cmpt_94,28.59.32,GPLv3,approved,Nate's Buffer Builder,Description of cmpt_94,00000095,na,0
00000096,cmpt_96,8.87.25,00000000,cmpt_0,93.75.14,GPLv3,approved,Nate's Buffer Builder,Description of cmpt_0,00000096,na,0
00000097,cmpt_97,16.13.41,00000096,cmpt_96,8.87.25,GPLv3,approved,Nate's Buffer Builder,Description of cmpt_96,00000097,na,0
00000098,cmpt_98,51.88.61,00000097,cmpt_97,16.13.41,GPLv3,approved,Nate's Buffer Builder,Description of cmpt_97,00000098,na,0
00000099,cmpt_99,67.18.70,00000098,cmpt_98,51.88.61,GPLv3,approved,Nate's Buffer Builder,Description of cmpt_98,00000099,na,0
00000100,cmpt_100,4.89.99,00000099,cmpt_99,67.18.70,GPLv3,approved,Nate's Buffer Builder,Description of cmpt_99,00000100,na,0
00000101,cmpt_101,71.27.100,00000100,cmpt_100,4.89.99,GPLv3,approved,Nate's Buffer Builder,Description of cmpt_100,00000101,na,0
00000102,cmpt_102,7.28.87,00000000,cmpt_0,93.75.14,GPLv3,approved,Nate's Buffer Builder,Description of cmpt_0,00000102,na,0
00000103,cmpt_103,95.87.1,00000102,cmpt_102,7.28.87,GPLv3,approved,Nate's Buffer Builder,Description of cmpt_102,00000103,na,0
00000104,cmpt_104,4.15.39,00000103,cmpt_103,95.87.1,GPLv3,approved,Nate's Buffer Builder,Description of cmpt_103,00000104,na,0
00000105,cmpt_105,61.23.73,00000104,cmpt_104,4.15.39,GPLv3,approved,Nate's Buffer Builder,Description of cmpt_104,00000105,na,0
00000106,cmpt_106,69.8.9,00000105,cmpt_105,61.23.73,GPLv3,approved,Nate's Buffer Builder,Description of cmpt_105,00000106,na,0
00000107,cmpt_107,56.51.31,00000106,cmpt_106,69.8.9,GPLv3,approved,Nate's Buffer Builder,Description of cmpt_106,00000107,na,0
00000108,cmpt_108,35.56.32,00000000,cmpt_0,93.75.14,GPLv3,approved,Nate's Buffer Builder,Description of cmpt_0,00000108,na,0
00000109,cmpt_109,19.30.7,00000108,cmpt_108,35.56.32,GPLv3,approved,Nate's Buffer Builder,Description of cmpt_108,00000109,na,0
00000110,cmpt_110,38.20.48,00000109,cmpt_109,19.30.7,GPLv3,approved,Nate's Buffer Builder,Description of cmpt_109,00000110,na,0
00000111,cmpt_111,48.76.47,00000110,cmpt_110,38.20.48,GPLv3,approved,Nate's Buffer Builder,Description of cmpt_110,00000111,na,0
00000112,cmpt_112,73.3.45,00000111,cmpt_111,48.76.47,GPLv3,approved,Nate's Buffer Builder,Description of cmpt_111,00000112,na,0
00000113,cmpt_113,75.89.95,00000112,cmpt_112,73.3.45,GPLv3,approved,Nate's Buffer Builder,Description of cmpt_112,00000113,na,0
00000114,cmpt_114,36.95.63,00000000,cmpt_0,93.75.14,GPLv3,approved,Nate's Buffer Builder,Description of cmpt_0,00000114,na,0
00000115,cmpt_115,82.85.88,00000114,cmpt_114,36.95.63,GPLv3,approved,Nate's Buffer Builder,Description of cmpt_114,00000115,na,0
00000116,cmpt_116,28.11.33,00000115,cmpt_115,82.85.88,GPLv3,approved,Nate's Buffer Builder,Description of cmpt_115,00000116,na,0
00000117,cmpt_117,53.46.98,00000116,cmpt_116,28.11.33,GPLv3,approved,Nate's Buffer Builder,Description of cmpt_116,00000117,na,0
00000118,cmpt_118,95.76.92,00000117,cmpt_117,53.46.98,GPLv3,approved,Nate's Buffer Builder,Description of cmpt_117,00000118,na,0
00000119,cmpt_119,45.30.83,00000118,cmpt_118,95.76.92,GPLv3,approved,Nate's Buffer Builder,Description of cmpt_118,00000119,na,0
00000120,cmpt_120,38.50.66,00000000,cmpt_0,93.75.14,GPLv3,approved,Nate's Buffer Builder,Description of cmpt_0,00000120,na,0
00000121,cmpt_121,30.73.80,00000120,cmpt_120,38.50.66,GPLv3,approved,Nate's Buffer Builder,Description of cmpt_120,00000121,na,0
00000122,cmpt_122,11.49.49,00000121,cmpt_121,30.73.80,GPLv3,approved,Nate's Buffer Builder,Description of cmpt_121,00000122,na,0
00000123,cmpt_123,82.89.87,00000122,cmpt_122,11.49.49,GPLv3,approved,Nate's Buffer Builder,Description of cmpt_122,00000123,na,0
00000124,cmpt_124,90.47.95,00000123,cmpt_123,82.89.87,GPLv3,approved,Nate's Buffer Builder,Description of cmpt_123,00000124,na,0
00000125,cmpt_125,71.73.8,00000124,cmpt_124,90.47.95,GPLv3,approved,Nate's Buffer Builder,Description of cmpt_124,00000125,na,0
00000126,cmpt_126,9.45.96,00000000,cmpt_0,93.75.14,GPLv3,approved,Nate's Buffer Builder,Description of cmpt_0,00000126,na,0
00000127,cmpt_127,89.42.85,00000126,cmpt_126,9.45.96,GPLv3,approved,Nate's Buffer Builder,Description of cmpt_126,00000127,na,0
00000128,cmpt_128,8.59.3,00000127,cmpt_127,89.42.85,GPLv3,approved,Nate's Buffer Builder,Description of cmpt_127,00000128,na,0
00000129,cmpt_129,15.66.56,00000128,cmpt_128,8.59.3,GPLv3,approved,Nate's Buffer Builder,Description of cmpt_128,00000129,na,0
00000130,cmpt_130,28.45.6,00000129,cmpt_129,15.66.56,GPLv3,approved,Nate's Buffer Builder,Description of cmpt_129,00000130,na,0
00000131,cmpt_131,75.38.77,00000130,cmpt_130,28.45.6,GPLv3,approved,Nate's Buffer Builder,Description of cmpt_130,00000131,na,0
00000132,cmpt_132,61.8.65,00000000,cmpt_0,93.75.14,GPLv3,approved,Nate's Buffer Builder,Description of cmpt_0,00000132,na,0
00000133,cmpt_133,37.65.66,00000132,cmpt_132,61.8.65,GPLv3,approved,Nate's Buffer Builder,Description of cmpt_132,00000133,na,0
00000134,cmpt_134,41.91.86,00000133,cmpt_133,37.65.66,GPLv3,approved,Nate's Buffer Builder,Description of cmpt_133,00000134,na,0
00000135,cmpt_135,50.45.83,00000134,cmpt_134,41.91.86,GPLv3,approved,Nate's Buffer Builder,Description of cmpt_134,00000135,na,0
00000136,cmpt_136,51.13.9,00000135,cmpt_135,50.45.83,GPLv3,approved,Nate's Buffer Builder,Description of cmpt_135,00000136,na,0
00000137,cmpt_137,61.44.5,00000136,cmpt_136,51.13.9,GPLv3,approved,Nate's Buffer Builder,Description of cmpt_136,00000137,na,0
00000138,cmpt_138,31.73.95,00000000,cmpt_0,93.75.14,GPLv3,approved,Nate's Buffer Builder,Description of cmpt_0,00000138,na,0
00000139,cmpt_139,63.62.26,00000138,cmpt_138,31.73.95,GPLv3,approved,Nate's Buffer Builder,Description of cmpt_138,00000139,na,0
00000140,cmpt_140,96.61.12,00000139,cmpt_139,63.62.26,GPLv3,approved,Nate's Buffer Builder,Description of cmpt_139,00000140,na,0
00000141,cmpt_141,3.53.31,00000140,cmpt_140,96.61.12,GPLv3,approved,Nate's Buffer Builder,Description of cmpt_140,00000141,na,0
00000142,cmpt_142,97.3.71,00000141,cmpt_141,3.53.31,GPLv3,approved,Nate's Buffer Builder,Description of cmpt_141,00000142,na,0
00000143,cmpt_143,11.34.37,00000142,cmpt_142,97.3.71,GPLv3,approved,Nate's Buffer Builder,Description of cmpt_142,00000143,na,0
00000144,cmpt_144,33.47.27,00000000,cmpt_0,93.75.14,GPLv3,approved,Nate's Buffer Builder,Description of cmpt_0,00000144,na,0
00000145,cmpt_145,21.34.38,00000144,cmpt_144,33.47.27,GPLv3,approved,Nate's Buffer Builder,Description of cmpt_144,00000145,na,0
00000146,cmpt_146,66.100.54,00000145,cmpt_145,21.34.38,GPLv3,approved,Nate's Buffer Builder,Description of cmpt_145,00000146,na,0
00000147,cmpt_147,68.38.66,00000146,cmpt_146,66.100.54,GPLv3,approved,Nate's Buffer Builder,Description of cmpt_146,00000147,na,0
00000148,cmpt_148,58.7.35,00000147,cmpt_147,68.38.66,GPLv3,approved,Nate's Buffer Builder,Description of cmpt_147,00000148,na,0
00000149,cmpt_149,62.21.77,00000148,cmpt_148,58.7.35,GPLv3,approved,Nate's Buffer Builder,Description of cmpt_148,00000149,na,0
00000150,cmpt_150,2.69.25,00000000,cmpt_0,93.75.14,GPLv3,approved,Nate's Buffer Builder,Description of cmpt_0,00000150,na,0
00000151,cmpt_151,47.41.40,00000150,cmpt_150,2.69.25,GPLv3,approved,Nate's Buffer Builder,Description of cmpt_150,00000151,na,0
00000152,cmpt_152,14.90.72,00000151,cmpt_151,47.41.40,GPLv3,approved,Nate's Buffer Builder,Description of cmpt_151,00000152,na,0
00000153,cmpt_153,15.93.96,00000152,cmpt_152,14.90.72,GPLv3,approved,Nate's Buffer Builder,Description of cmpt_152,00000153,na,0
00000154,cmpt_154,14.37.46,00000153,cmpt_153,15.93.96,GPLv3,approved,Nate's Buffer Builder,Description of cmpt_153,00000154,na,0
00000155,cmpt_155,33.66.96,00000154,cmpt_154,14.37.46,GPLv3,approved,Nate's Buffer Builder,Description of cmpt_154,00000155,na,0
00000156,cmpt_156,75.20.86,00000000,cmpt_0,93.75.14,GPLv3,approved,Nate's Buffer Builder,Description of cmpt_0,00000156,na,0
00000157,cmpt_157,30.85.24,00000156,cmpt_156,75.20.86,GPLv3,approved,Nate's Buffer Builder,Description of cmpt_156,00000157,na,0
00000158,cmpt_158,81.66.41,00000157,cmpt_157,30.85.24,GPLv3,approved,Nate's Buffer Builder,Description of cmpt_157,00000158,na,0
00000159,cmpt_159,97.15.11,00000158,cmpt_158,81.66.41,GPLv3,approved,Nate's Buffer Builder,Description of cmpt_158,00000159,na,0
00000160,cmpt_160,42.85.86,00000159,cmpt_159,97.15.11,GPLv3,approved,Nate's Buffer Builder,Description of cmpt_159,00000160,na,0
00000161,cmpt_161,42.32.4,00000160,cmpt_160,42.85.86,GPLv3,approved,Nate's Buffer Builder,Description of cmpt_160,00000161,na,0
00000162,cmpt_162,77.48.5,00000000,cmpt_0,93.75.14,GPLv3,approved,Nate's Buffer Builder,Description of cmpt_0,00000162,na,0
00000163,cmpt_163,47.84.80,00000162,cmpt_162,77.48.5,GPLv3,approved,Nate's Buffer Builder,Description of cmpt_162,00000163,na,0
00000164,cmpt_164,55.97.47,00000163,cmpt_163,47.84.80,GPLv3,approved,Nate's Buffer Builder,Description of cmpt_163,00000164,na,0
00000165,cmpt_165,34.83.11,00000164,cmpt_164,55.97.47,GPLv3,approved,Nate's Buffer Builder,Description of cmpt_164,00000165,na,0
00000166,cmpt_166,18.32.15,00000165,cmpt_165,34.83.11,GPLv3,approved,Nate's Buffer Builder,Description of cmpt_165,00000166,na,0
00000167,cmpt_167,45.5.88,00000166,cmpt_166,18.32.15,GPLv3,approved,Nate's Buffer Builder,Description of cmpt_166,00000167,na,0
00000168,cmpt_168,82.86.60,00000000,cmpt_0,93.75.14,GPLv3,approved,Nate's Buffer Builder,Description of cmpt_0,00000168,na,0
00000169,cmpt_169,62.73.1,00000168,cmpt_168,82.86.60,GPLv3,approved,Nate's Buffer Builder,Description of cmpt_168,00000169,na,0
00000170,cmpt_170,81.80.4,00000169,cmpt_169,62.73.1,GPLv3,approved,Nate's Buffer Builder,Description of cmpt_169,00000170,na,0
00000171,cmpt_171,4.9.34,00000170,cmpt_170,81.80.4,GPLv3,approved,Nate's Buffer Builder,Description of cmpt_170,00000171,na,0
00000172,cmpt_172,64.10.53,00000171,cmpt_171,4.9.34,GPLv3,approved,Nate's Buffer Builder,Description of cmpt_171,00000172,na,0
00000173,cmpt_173,76.5.29,00000172,cmpt_172,64.10.53,GPLv3,approved,Nate's Buffer Builder,Description of cmpt_172,00000173,na,0
00000174,cmpt_174,84.12.23,00000000,cmpt_0,93.75.14,GPLv3,approved,Nate's Buffer Builder,Description of cmpt_0,00000174,na,0
00000175,cmpt_175,24.2.88,00000174,cmpt_174,84.12.23,GPLv3,approved,Nate's Buffer Builder,Description of cmpt_174,00000175,na,0
00000176,cmpt_176,96.23.64,00000175,cmpt_175,24.2.88,GPLv3,approved,Nate's Buffer Builder,Description of cmpt_175,00000176,na,0
00000177,cmpt_177,90.93.54,00000176,cmpt_176,96.23.64,GPLv3,approved,Nate's Buffer Builder,Description of cmpt_176,00000177,na,0
00000178,cmpt_178,88.91.61,00000177,cmpt_177,90.93.54,GPLv3,approved,Nate's Buffer Builder,Description of cmpt_177,00000178,na,0
00000179,cmpt_179,94.17.76,00000178,cmpt_178,88.91.61,GPLv3,approved,Nate's Buffer Builder,Description of cmpt_178,00000179,na,0
00000180,cmpt_180,52.30.38,00000000,cmpt_0,93.75.14,GPLv3,approved,Nate's Buffer Builder,Description of cmpt_0,00000180,na,0
00000181,cmpt_181,79.100.54,00000180,cmpt_180,52.30.38,GPLv3,approved,Nate's Buffer Builder,Description of cmpt_180,00000181,na,0
00000182,cmpt_182,67.77.19,00000181,cmpt_181,79.100.54,GPLv3,approved,Nate's Buffer Builder,Description of cmpt_181,00000182,na,0
00000183,cmpt_183,48.64.17,00000182,cmpt_182,67.77.19,GPLv3,approved,Nate's Buffer Builder,Description of cmpt_182,00000183,na,0
00000184,cmpt_184,88.77.63,00000183,cmpt_183,48.64.17,GPLv3,approved,Nate's Buffer Builder,Description of cmpt_183,00000184,na,0
00000185,cmpt_185,68.94.94,00000184,cmpt_184,88.77.63,GPLv3,approved,Nate's Buffer Builder,Description of cmpt_184,00000185,na,0
00000186,cmpt_186,86.35.16,00000000,cmpt_0,93.75.14,GPLv3,approved,Nate's Buffer Builder,Description of cmpt_0,00000186,na,0
00000187,cmpt_187,30.86.70,00000186,cmpt_186,86.35.16,GPLv3,approved,Nate's Buffer Builder,Description of cmpt_186,00000187,na,0
00000188,cmpt_188,86.46.51,00000187,cmpt_187,30.86.70,GPLv3,approved,Nate's Buffer Builder,Description of cmpt_187,00000188,na,0
00000189,cmpt_189,25.36.16,00000188,cmpt_188,86.46.51,GPLv3,approved,Nate's Buffer Builder,Description of cmpt_188,00000189,na,0
00000190,cmpt_190,54.1.23,00000189,cmpt_189,25.36.16,GPLv3,approved,Nate's Buffer Builder,Description of cmpt_189,00000190,na,0
00000191,cmpt_191,94.40.58,00000190,cmpt_190,54.1.23,GPLv3,approved,Nate's Buffer Builder,Description of cmpt_190,00000191,na,0
00000192,cmpt_192,8.83.4,00000000,cmpt_0,93.75.14,GPLv3,approved,Nate's Buffer Builder,Description of cmpt_0,00000192,na,0
00000193,cmpt_193,76.10.19,00000192,cmpt_192,8.83.4,GPLv3,approved,Nate's Buffer Builder,Description of cmpt_192,00000193,na,0
00000194,cmpt_194,80.39.17,00000193,cmpt_193,76.10.19,GPLv3,approved,Nate's Buffer Builder,Description of cmpt_193,00000194,na,0
00000195,cmpt_195,42.11.23,00000194,cmpt_194,80.39.17,GPLv3,approved,Nate's Buffer Builder,Description of cmpt_194,00000195,na,0
00000196,cmpt_196,47.31.10,00000195,cmpt_195,42.11.23,GPLv3,approved,Nate's Buffer Builder,Description of cmpt_195,00000196,na,0
00000197,cmpt_197,52.31.64,00000196,cmpt_196,47.31.10,GPLv3,approved,Nate's Buffer Builder,Description of cmpt_196,00000197,na,0
00000198,cmpt_198,38.28.86,00000000,cmpt_0,93.75.14,GPLv3,approved,Nate's Buffer Builder,Description of cmpt_0,00000198,na,0
00000199,cmpt_199,68.99.50,00000198,cmpt_198,38.28.86,GPLv3,approved,Nate's Buffer Builder,Description of cmpt_198,00000199,na,0
00000200,cmpt_200,20.38.61,00000199,cmpt_199,68.99.50,GPLv3,approved,Nate's Buffer Builder,Description of cmpt_199,00000200,na,0
00000201,cmpt_201,97.44.53,00000200,cmpt_200,20.38.61,GPLv3,approved,Nate's Buffer Builder,Description of cmpt_200,00000201,na,0
00000202,cmpt_202,1.17.12,00000201,cmpt_201,97.44.53,GPLv3,approved,Nate's Buffer Builder,Description of cmpt_201,00000202,na,0
00000203,cmpt_203,84.16.34,00000202,cmpt_202,1.17.12,GPLv3,approved,Nate's Buffer Builder,Description of cmpt_202,00000203,na,0
00000204,cmpt_204,51.67.10,00000000,cmpt_0,93.75.14,GPLv3,approved,Nate's Buffer Builder,Description of cmpt_0,00000204,na,0
00000205,cmpt_205,37.56.48,00000204,cmpt_204,51.67.10,GPLv3,approved,Nate's Buffer Builder,Description of cmpt_204,00000205,na,0
00000206,cmpt_206,94.34.61,00000205,cmpt_205,37.56.48,GPLv3,approved,Nate's Buffer Builder,Description of cmpt_205,00000206,na,0
00000207,cmpt_207,96.84.75,00000206,cmpt_206,94.34.61,GPLv3,approved,Nate's Buffer Builder,Description of cmpt_206,00000207,na,0
00000208,cmpt_208,21.63.47,00000207,cmpt_207,96.84.75,GPLv3,approved,Nate's Buffer Builder,Description of cmpt_207,00000208,na,0
00000209,cmpt_209,57.26.68,00000208,cmpt_208,21.63.47,GPLv3,approved,Nate's Buffer Builder,Description of cmpt_208,00000209,na,0
00000210,cmpt_210,43.8.52,00000000,cmpt_0,93.75.14,GPLv3,approved,Nate's Buffer Builder,Description of cmpt_0,00000210,na,0
00000211,cmpt_211,94.69.64,00000210,cmpt_210,43.8.52,GPLv3,approved,Nate's Buffer Builder,Description of cmpt_210,00000211,na,0
00000212,cmpt_212,15.28.15,00000211,cmpt_211,94.69.64,GPLv3,approved,Nate's Buffer Builder,Description of cmpt_211,00000212,na,0
00000213,cmpt_213,62.45.46,00000212,cmpt_212,15.28.15,GPLv3,approved,Nate's Buffer Builder,Description of cmpt_212,00000213,na,0
00000214,cmpt_214,98.31.64,00000213,cmpt_213,62.45.46,GPLv3,approved,Nate's Buffer Builder,Description of cmpt_213,00000214,na,0
00000215,cmpt_215,61.69.76,00000214,cmpt_214,98.31.64,GPLv3,approved,Nate's Buffer Builder,Description of cmpt_214,00000215,na,0
00000216,cmpt_216,95.7.28,00000000,cmpt_0,93.75.14,GPLv3,approved,Nate's Buffer Builder,Description of cmpt_0,00000216,na,0
00000217,cmpt_217,37.95.91,00000216,cmpt_216,95.7.28,GPLv3,approved,Nate's Buffer Builder,Description of cmpt_216,00000217,na,0
00000218,cmpt_218,24.79.40,00000217,cmpt_217,37.95.91,GPLv3,approved,Nate's Buffer Builder,Description of cmpt_217,00000218,na,0
00000219,cmpt_219,98.66.21,00000218,cmpt_218,24.79.40,GPLv3,approved,Nate's Buffer Builder,Description of cmpt_218,00000219,na,0
00000220,cmpt_220,8.69.89,00000219,cmpt_219,98.66.21,GPLv3,approved,Nate's Buffer Builder,Description of cmpt_219,00000220,na,0
00000221,cmpt_221,70.51.36,00000220,cmpt_220,8.69.89,GPLv3,approved,Nate's Buffer Builder,Description of cmpt_220,00000221,na,0
00000222,cmpt_222,46.86.70,00000000,cmpt_0,93.75.14,GPLv3,approved,Nate's Buffer Builder,Description of cmpt_0,00000222,na,0
00000223,cmpt_223,7.41.67,00000222,cmpt_222,46.86.70,GPLv3,approved,Nate's Buffer Builder,Description of cmpt_222,00000223,na,0
00000224,cmpt_224,87.84.8,00000223,cmpt_223,7.41.67,GPLv3,approved,Nate's Buffer Builder,Description of cmpt_223,00000224,na,0
00000225,cmpt_225,62.59.33,00000224,cmpt_224,87.84.8,GPLv3,approved,Nate's Buffer Builder,Description of cmpt_224,00000225,na,0
00000226,cmpt_226,68.18.50,00000225,cmpt_225,62.59.33,GPLv3,approved,Nate's Buffer Builder,Description of cmpt_225,00000226,na,0
00000227,cmpt_227,79.58.82,00000226,cmpt_226,68.18.50,GPLv3,approved,Nate's Buffer Builder,Description of cmpt_226,00000227,na,0
00000228,cmpt_228,51.13.46,00000000,cmpt_0,93.75.14,GPLv3,approved,Nate's Buffer Builder,Description of cmpt_0,00000228,na,0
00000229,cmpt_229,93.48.2,00000228,cmpt_228,51.13.46,GPLv3,approved,Nate's Buffer Builder,Description of cmpt_228,00000229,na,0
00000230,cmpt_230,89.98.3,00000229,cmpt_229,93.48.2,GPLv3,approved,Nate's Buffer Builder,Description of cmpt_229,00000230,na,0
00000231,cmpt_231,32.27.20,00000230,cmpt_230,89.98.3,GPLv3,approved,Nate's Buffer Builder,Description of cmpt_230,00000231,na,0
00000232,cmpt_232,87.59.66,00000231,cmpt_231,32.27.20,GPLv3,approved,Nate's Buffer Builder,Description of cmpt_231,00000232,na,0
00000233,cmpt_233,24.75.80,00000232,cmpt_232,87.59.66,GPLv3,approved,Nate's Buffer Builder,Description of cmpt_232,00000233,na,0
00000234,cmpt_234,41.1.37,00000000,cmpt_0,93.75.14,GPLv3,approved,Nate's Buffer Builder,Description of cmpt_0,00000234,na,0
00000235,cmpt_235,3.75.9,00000234,cmpt_234,41.1.37,GPLv3,approved,Nate's Buffer Builder,Description of cmpt_234,00000235,na,0
00000236,cmpt_236,73.7.36,00000235,cmpt_235,3.75.9,GPLv3,approved,Nate's Buffer Builder,Description of cmpt_235,00000236,na,0
00000237,cmpt_237,18.50.72,00000236,cmpt_236,73.7.36,GPLv3,approved,Nate's Buffer Builder,Description of cmpt_236,00000237,na,0
00000238,cmpt_238,96.79.55,00000237,cmpt_237,18.50.72,GPLv3,approved,Nate's Buffer Builder,Description of cmpt_237,00000238,na,0
00000239,cmpt_239,8.83.23,00000238,cmpt_238,96.79.55,GPLv3,approved,Nate's Buffer Builder,Description of cmpt_238,00000239,na,0
00000240,cmpt_240,19.10.92,00000000,cmpt_0,93.75.14,GPLv3,approved,Nate's Buffer Builder,Description of cmpt_0,00000240,na,0
00000241,cmpt_241,59.59.27,00000240,cmpt_240,19.10.92,GPLv3,approved,Nate's Buffer Builder,Description of cmpt_240,00000241,na,0
00000242,cmpt_242,67.85.36,00000241,cmpt_241,59.59.27,GPLv3,approved,Nate's Buffer Builder,Description of cmpt_241,00000242,na,0
00000243,cmpt_243,77.69.54,00000242,cmpt_242,67.85.36,GPLv3,approved,Nate's Buffer Builder,Description of cmpt_242,00000243,na,0
00000244,cmpt_244,49.69.34,00000243,cmpt_243,77.69.54,GPLv3,approved,Nate's Buffer Builder,Description of cmpt_243,00000244,na,0
00000245,cmpt_245,17.67.13,00000244,cmpt_244,49.69.34,GPLv3,approved,Nate's Buffer Builder,Description of cmpt_244,00000245,na,0
00000246,cmpt_246,37.92.29,00000000,cmpt_0,93.75.14,GPLv3,approved,Nate's Buffer Builder,Description of cmpt_0,00000246,na,0
00000247,cmpt_247,85.55.99,00000246,cmpt_246,37.92.29,GPLv3,approved,Nate's Buffer Builder,Description of cmpt_246,00000247,na,0
00000248,cmpt_248,77.88.46,00000247,cmpt_247,85.55.99,GPLv3,approved,Nate's Buffer Builder,Description of cmpt_247,00000248,na,0
00000249,cmpt_249,42.76.89,00000248,cmpt_248,77.88.46,GPLv3,approved,Nate's Buffer Builder,Description of cmpt_248,00000249,na,0
00000250,cmpt_250,5.51.51,00000249,cmpt_249,42.76.89,GPLv3,approved,Nate's Buffer Builder,Description of cmpt_249,00000250,na,0
00000251,cmpt_251,31.94.98,00000250,cmpt_250,5.51.51,GPLv3,approved,Nate's Buffer Builder,Description of cmpt_250,00000251,na,0
00000252,cmpt_252,68.12.64,00000000,cmpt_0,93.75.14,GPLv3,approved,Nate's Buffer Builder,Description of cmpt_0,00000252,na,0
00000253,cmpt_253,56.2.37,00000252,cmpt_252,68.12.64,GPLv3,approved,Nate's Buffer Builder,Description of cmpt_252,00000253,na,0
00000254,cmpt_254,51.6.27,00000253,cmpt_253,56.2.37,GPLv3,approved,Nate's Buffer Builder,Description of cmpt_253,00000254,na,0
00000255,cmpt_255,43.57.2,00000254,cmpt_254,51.6.27,GPLv3,approved,Nate's Buffer Builder,Description of cmpt_254,00000255,na,0
00000256,cmpt_256,59.24.62,00000255,cmpt_255,43.57.2,GPLv3,approved,Nate's Buffer Builder,Description of cmpt_255,00000256,na,0
00000257,cmpt_257,70.64.88,00000256,cmpt_256,59.24.62,GPLv3,approved,Nate's Buffer Builder,Description of cmpt_256,00000257,na,0
00000258,cmpt_258,86.56.35,00000000,cmpt_0,93.75.14,GPLv3,approved,Nate's Buffer Builder,Description of cmpt_0,00000258,na,0
00000259,cmpt_259,91.47.19,00000258,cmpt_258,86.56.35,GPLv3,approved,Nate's Buffer Builder,Description of cmpt_258,00000259,na,0
00000260,cmpt_260,89.76.91,00000259,cmpt_259,91.47.19,GPLv3,approved,Nate's Buffer Builder,Description of cmpt_259,00000260,na,0
00000261,cmpt_261,78.3.10,00000260,cmpt_260,89.76.91,GPLv3,approved,Nate's Buffer Builder,Description of cmpt_260,00000261,na,0
00000262,cmpt_262,17.58.16,00000261,cmpt_261,78.3.10,GPLv3,approved,Nate's Buffer Builder,Description of cmpt_261,00000262,na,0
00000263,cmpt_263,38.77.83,00000262,cmpt_262,17.58.16,GPLv3,approved,Nate's Buffer Builder,Description of cmpt_262,00000263,na,0
00000264,cmpt_264,98.5.32,00000000,cmpt_0,93.75.14,GPLv3,approved,Nate's Buffer Builder,Description of cmpt_0,00000264,na,0
00000265,cmpt_265,83.30.4,00000264,cmpt_264,98.5.32,GPLv3,approved,Nate's Buffer Builder,Description of cmpt_264,00000265,na,0
00000266,cmpt_266,35.66.37,00000265,cmpt_265,83.30.4,GPLv3,approved,Nate's Buffer Builder,Description of cmpt_265,00000266,na,0
00000267,cmpt_267,75.20.6,00000266,cmpt_266,35.66.37,GPLv3,approved,Nate's Buffer Builder,Description of cmpt_266,00000267,na,0
00000268,cmpt_268,55.9.56,00000267,cmpt_267,75.20.6,GPLv3,approved,Nate's Buffer Builder,Description of cmpt_267,00000268,na,0
00000269,cmpt_269,54.7.89,00000268,cmpt_268,55.9.56,GPLv3,approved,Nate's Buffer Builder,Description of cmpt_268,00000269,na,0
00000270,cmpt_270,56.29.30,00000000,cmpt_0,93.75.14,GPLv3,approved,Nate's Buffer Builder,Description of cmpt_0,00000270,na,0
00000271,cmpt_271,68.79.78,00000270,cmpt_270,56.29.30,GPLv3,approved,Nate's Buffer Builder,Description of cmpt_270,00000271,na,0
00000272,cmpt_272,46.3.92,00000271,cmpt_271,68.79.78,GPLv3,approved,Nate's Buffer Builder,Description of cmpt_271,00000272,na,0
00000273,cmpt_273,72.6.90,00000272,cmpt_272,46.3.92,GPLv3,approved,Nate's Buffer Builder,Description of cmpt_272,00000273,na,0
00000274,cmpt_274,36.4.10,00000273,cmpt_273,72.6.90,GPLv3,approved,Nate's Buffer Builder,Description of cmpt_273,00000274,na,0
00000275,cmpt_275,68.76.95,00000274,cmpt_274,36.4.10,GPLv3,approved,Nate's Buffer Builder,Description of cmpt_274,00000275,na,0
00000276,cmpt_276,24.43.50,00000000,cmpt_0,93.75.14,GPLv3,approved,Nate's Buffer Builder,Description of cmpt_0,00000276,na,0
00000277,cmpt_277,66.7.88,00000276,cmpt_276,24.43.50,GPLv3,approved,Nate's Buffer Builder,Description of cmpt_276,00000277,na,0
00000278,cmpt_278,53.18.54,00000277,cmpt_277,66.7.88,GPLv3,approved,Nate's Buffer Builder,Description of cmpt_277,00000278,na,0
00000279,cmpt_279,80.83.35,00000278,cmpt_278,53.18.54,GPLv3,approved,Nate's Buffer Builder,Description of cmpt_278,00000279,na,0
00000280,cmpt_280,75.83.67,00000279,cmpt_279,80.83.35,GPLv3,approved,Nate's Buffer Builder,Description of cmpt_279,00000280,na,0
00000281,cmpt_281,85.48.45,00000280,cmpt_280,75.83.67,GPLv3,approved,Nate's Buffer Builder,Description of cmpt_280,00000281,na,0
00000282,cmpt_282,26.88.97,00000000,cmpt_0,93.75.14,GPLv3,approved,Nate's Buffer Builder,Description of cmpt_0,00000282,na,0
00000283,cmpt_283,43.3.58,00000282,cmpt_282,26.88.97,GPLv3,approved,Nate's Buffer Builder,Description of cmpt_282,00000283,na,0
00000284,cmpt_284,38.27.89,00000283,cmpt_283,43.3.58,GPLv3,approved,Nate's Buffer Builder,Description of cmpt_283,00000284,na,0
00000285,cmpt_285,73.92.70,00000284,cmpt_284,38.27.89,GPLv3,approved,Nate's Buffer Builder,Description of cmpt_284,00000285,na,0
00000286,cmpt_286,22.83.11,00000285,cmpt_285,73.92.70,GPLv3,approved,Nate's Buffer Builder,Description of cmpt_285,00000286,na,0
00000287,cmpt_287,10.86.41,00000286,cmpt_286,22.83.11,GPLv3,approved,Nate's Buffer Builder,Description of cmpt_286,00000287,na,0
00000288,cmpt_288,54.39.20,00000000,cmpt_0,93.75.14,GPLv3,approved,Nate's Buffer Builder,Description of cmpt_0,00000288,na,0
00000289,cmpt_289,61.92.6,00000288,cmpt_288,54.39.20,GPLv3,approved,Nate's Buffer Builder,Description of cmpt_288,00000289,na,0
00000290,cmpt_290,88.64.85,00000289,cmpt_289,61.92.6,GPLv3,approved,Nate's Buffer Builder,Description of cmpt_289,00000290,na,0
00000291,cmpt_291,26.9.94,00000290,cmpt_290,88.64.85,GPLv3,approved,Nate's Buffer Builder,Description of cmpt_290,00000291,na,0
00000292,cmpt_292,42.94.94,00000291,cmpt_291,26.9.94,GPLv3,approved,Nate's Buffer Builder,Description of cmpt_291,00000292,na,0
00000293,cmpt_293,26.29.23,00000292,cmpt_292,42.94.94,GPLv3,approved,Nate's Buffer Builder,Description of cmpt_292,00000293,na,0
00000294,cmpt_294,90.18.1,00000000,cmpt_0,93.75.14,GPLv3,approved,Nate's Buffer Builder,Description of cmpt_0,00000294,na,0
00000295,cmpt_295,69.12.37,00000294,cmpt_294,90.18.1,GPLv3,approved,Nate's Buffer Builder,Description of cmpt_294,00000295,na,0
00000296,cmpt_296,88.16.57,00000295,cmpt_295,69.12.37,GPLv3,approved,Nate's Buffer Builder,Description of cmpt_295,00000296,na,0
00000297,cmpt_297,46.69.86,00000296,cmpt_296,88.16.57,GPLv3,approved,Nate's Buffer Builder,Description of cmpt_296,00000297,na,0
00000298,cmpt_298,2.62.62,00000297,cmpt_297,46.69.86,GPLv3,approved,Nate's Buffer Builder,Description of cmpt_297,00000298,na,0
00000299,cmpt_299,87.71.51,00000298,cmpt_298,2.62.62,GPLv3,approved,Nate's Buffer Builder,Description of cmpt_298,00000299,na,0
00000300,cmpt_300,13.19.21,00000000,cmpt_0,93.75.14,GPLv3,approved,Nate's Buffer Builder,Description of cmpt_0,00000300,na,0
00000301,cmpt_301,55.69.62,00000300,cmpt_300,13.19.21,GPLv3,approved,Nate's Buffer Builder,Description of cmpt_300,00000301,na,0
00000302,cmpt_302,89.63.50,00000301,cmpt_301,55.69.62,GPLv3,approved,Nate's Buffer Builder,Description of cmpt_301,00000302,na,0
00000303,cmpt_303,19.44.62,00000302,cmpt_302,89.63.50,GPLv3,approved,Nate's Buffer Builder,Description of cmpt_302,00000303,na,0
00000304,cmpt_304,2.61.77,00000303,cmpt_303,19.44.62,GPLv3,approved,Nate's Buffer Builder,Description of cmpt_303,00000304,na,0
00000305,cmpt_305,72.10.59,00000304,cmpt_304,2.61.77,GPLv3,approved,Nate's Buffer Builder,Description of cmpt_304,00000305,na,0
00000306,cmpt_306,72.99.48,00000000,cmpt_0,93.75.14,GPLv3,approved,Nate's Buffer Builder,Description of cmpt_0,00000306,na,0
00000307,cmpt_307,34.10.93,00000306,cmpt_306,72.99.48,GPLv3,approved,Nate's Buffer Builder,Description of cmpt_306,00000307,na,0
00000308,cmpt_308,15.56.65,00000307,cmpt_307,34.10.93,GPLv3,approved,Nate's Buffer Builder,Description of cmpt_307,00000308,na,0
00000309,cmpt_309,90.85.80,00000308,cmpt_308,15.56.65,GPLv3,approved,Nate's Buffer Builder,Description of cmpt_308,00000309,na,0
00000310,cmpt_310,77.9.83,00000309,cmpt_309,90.85.80,GPLv3,approved,Nate's Buffer Builder,Description of cmpt_309,00000310,na,0
00000311,cmpt_311,98.28.81,00000310,cmpt_310,77.9.83,GPLv3,approved,Nate's Buffer Builder,Description of cmpt_310,00000311,na,0
00000312,cmpt_312,15.99.56,00000000,cmpt_0,93.75.14,GPLv3,approved,Nate's Buffer Builder,Description of cmpt_0,00000312,na,0
00000313,cmpt_313,20.14.16,00000312,cmpt_312,15.99.56,GPLv3,approved,Nate's Buffer Builder,Description of cmpt_312,00000313,na,0
00000314,cmpt_314,82.27.47,00000313,cmpt_313,20.14.16,GPLv3,approved,Nate's Buffer Builder,Description of cmpt_313,00000314,na,0
00000315,cmpt_315,98.49.17,00000314,cmpt_314,82.27.47,GPLv3,approved,Nate's Buffer Builder,Description of cmpt_314,00000315,na,0
00000316,cmpt_316,24.48.87,00000315,cmpt_315,98.49.17,GPLv3,approved,Nate's Buffer Builder,Description of cmpt_315,00000316,na,0
00000317,cmpt_317,69.45.44,00000316,cmpt_316,24.48.87,GPLv3,approved,Nate's Buffer Builder,Description of cmpt_316,00000317,na,0
00000318,cmpt_318,50.14.48,00000000,cmpt_0,93.75.14,GPLv3,approved,Nate's Buffer Builder,Description of cmpt_0,00000318,na,0
00000319,cmpt_319,76.25.41,00000318,cmpt_318,50.14.48,GPLv3,approved,Nate's Buffer Builder,Description of cmpt_318,00000319,na,0
00000320,cmpt_320,49.29.83,00000319,cmpt_319,76.25.41,GPLv3,approved,Nate's Buffer Builder,Description of cmpt_319,00000320,na,0
00000321,cmpt_321,46.38.74,00000320,cmpt_320,49.29.83,GPLv3,approved,Nate's Buffer Builder,Description of cmpt_320,00000321,na,0
00000322,cmpt_322,6.3.28,00000321,cmpt_321,46.38.74,GPLv3,approved,Nate's Buffer Builder,Description of cmpt_321,00000322,na,0
00000323,cmpt_323,68.17.60,00000322,cmpt_322,6.3.28,GPLv3,approved,Nate's Buffer Builder,Description of cmpt_322,00000323,na,0
00000324,cmpt_324,23.46.7,00000000,cmpt_0,93.75.14,GPLv3,approved,Nate's Buffer Builder,Description of cmpt_0,00000324,na,0
00000325,cmpt_325,96.20.27,00000324,cmpt_324,23.46.7,GPLv3,approved,Nate's Buffer Builder,Description of cmpt_324,00000325,na,0
00000326,cmpt_326,31.77.48,00000325,cmpt_325,96.20.27,GPLv3,approved,Nate's Buffer Builder,Description of cmpt_325,00000326,na,0
00000327,cmpt_327,6.61.57,00000326,cmpt_326,31.77.48,GPLv3,approved,Nate's Buffer Builder,Description of cmpt_326,00000327,na,0
00000328,cmpt_328,43.69.82,00000327,cmpt_327,6.61.57,GPLv3,approved,Nate's Buffer Builder,Description of cmpt_327,00000328,na,0
00000329,cmpt_329,46.90.81,00000328,cmpt_328,43.69.82,GPLv3,approved,Nate's Buffer Builder,Description of cmpt_328,00000329,na,0
00000330,cmpt_330,49.100.50,00000000,cmpt_0,93.75.14,GPLv3,approved,Nate's Buffer Builder,Description of cmpt_0,00000330,na,0
00000331,cmpt_331,59.23.49,00000330,cmpt_330,49.100.50,GPLv3,approved,Nate's Buffer Builder,Description of cmpt_330,00000331,na,0
00000332,cmpt_332,66.51.50,00000331,cmpt_331,59.23.49,GPLv3,approved,Nate's Buffer Builder,Description of cmpt_331,00000332,na,0
00000333,cmpt_333,32.41.79,00000332,cmpt_332,66.51.50,GPLv3,approved,Nate's Buffer Builder,Description of cmpt_332,00000333,na,0
00000334,cmpt_334,35.31.19,00000333,cmpt_333,32.41.79,GPLv3,approved,Nate's Buffer Builder,Description of cmpt_333,00000334,na,0
00000335,cmpt_335,14.87.55,00000334,cmpt_334,35.31.19,GPLv3,approved,Nate's Buffer Builder,Description of cmpt_334,00000335,na,0
00000336,cmpt_336,12.21.28,00000000,cmpt_0,93.75.14,GPLv3,approved,Nate's Buffer Builder,Description of cmpt_0,00000336,na,0
00000337,cmpt_337,14.30.97,00000336,cmpt_336,12.21.28,GPLv3,approved,Nate's Buffer Builder,Description of cmpt_336,00000337,na,0
00000338,cmpt_338,99.2.12,00000337,cmpt_337,14.30.97,GPLv3,approved,Nate's Buffer Builder,Description of cmpt_337,00000338,na,0
00000339,cmpt_339,31.52.24,00000338,cmpt_338,99.2.12,GPLv3,approved,Nate's Buffer Builder,Description of cmpt_338,00000339,na,0
00000340,cmpt_340,86.27.11,00000339,cmpt_339,31.52.24,GPLv3,approved,Nate's Buffer Builder,Description of cmpt_339,00000340,na,0
00000341,cmpt_341,11.14.56,00000340,cmpt_340,86.27.11,GPLv3,approved,Nate's Buffer Builder,Description of cmpt_340,00000341,na,0
00000342,cmpt_342,87.68.31,00000000,cmpt_0,93.75.14,GPLv3,approved,Nate's Buffer Builder,Description of cmpt_0,00000342,na,0
00000343,cmpt_343,30.69.56,00000342,cmpt_342,87.68.31,GPLv3,approved,Nate's Buffer Builder,Description of cmpt_342,00000343,na,0
00000344,cmpt_344,18.70.2,00000343,cmpt_343,30.69.56,GPLv3,approved,Nate's Buffer Builder,Description of cmpt_343,00000344,na,0
00000345,cmpt_345,37.84.2,00000344,cmpt_344,18.70.2,GPLv3,approved,Nate's Buffer Builder,Description of cmpt_344,00000345,na,0
00000346,cmpt_346,92.17.33,00000345,cmpt_345,37.84.2,GPLv3,approved,Nate's Buffer Builder,Description of cmpt_345,00000346,na,0
00000347,cmpt_347,24.70.95,00000346,cmpt_346,92.17.33,GPLv3,approved,Nate's Buffer Builder,Description of cmpt_346,00000347,na,0
00000348,cmpt_348,28.91.47,00000000,cmpt_0,93.75.14,GPLv3,approved,Nate's Buffer Builder,Description of cmpt_0,00000348,na,0
00000349,cmpt_349,78.73.33,00000348,cmpt_348,28.91.47,GPLv3,approved,Nate's Buffer Builder,Description of cmpt_348,00000349,na,0
00000350,cmpt_350,28.62.47,00000349,cmpt_349,78.73.33,GPLv3,approved,Nate's Buffer Builder,Description of cmpt_349,00000350,na,0
00000351,cmpt_351,97.71.5,00000350,cmpt_350,28.62.47,GPLv3,approved,Nate's Buffer Builder,Description of cmpt_350,00000351,na,0
00000352,cmpt_352,45.28.95,00000351,cmpt_351,97.71.5,GPLv3,approved,Nate's Buffer Builder,Description of cmpt_351,00000352,na,0
00000353,cmpt_353,24.86.78,00000352,cmpt_352,45.28.95,GPLv3,approved,Nate's Buffer Builder,Description of cmpt_352,00000353,na,0
00000354,cmpt_354,84.36.59,00000000,cmpt_0,93.75.14,GPLv3,approved,Nate's Buffer Builder,Description of cmpt_0,00000354,na,0
00000355,cmpt_355,53.19.92,00000354,cmpt_354,84.36.59,GPLv3,approved,Nate's Buffer Builder,Description of cmpt_354,00000355,na,0
00000356,cmpt_356,7.76.59,00000355,cmpt_355,53.19.92,GPLv3,approved,Nate's Buffer Builder,Description of cmpt_355,00000356,na,0
00000357,cmpt_357,72.68.48,00000356,cmpt_356,7.76.59,GPLv3,approved,Nate's Buffer Builder,Description of cmpt_356,00000357,na,0
00000358,cmpt_358,72.48.46,00000357,cmpt_357,72.68.48,GPLv3,approved,Nate's Buffer Builder,Description of cmpt_357,00000358,na,0
00000359,cmpt_359,79.47.23,00000358,cmpt_358,72.48.46,GPLv3,approved,Nate's Buffer Builder,Description of cmpt_358,00000359,na,0
00000360,cmpt_360,85.81.64,00000000,cmpt_0,93.75.14,GPLv3,approved,Nate's Buffer Builder,Description of cmpt_0,00000360,na,0
00000361,cmpt_361,25.52.50,00000360,cmpt_360,85.81.64,GPLv3,approved,Nate's Buffer Builder,Description of cmpt_360,00000361,na,0
00000362,cmpt_362,76.36.19,00000361,cmpt_361,25.52.50,GPLv3,approved,Nate's Buffer Builder,Description of cmpt_361,00000362,na,0
00000363,cmpt_363,53.10.35,00000362,cmpt_362,76.36.19,GPLv3,approved,Nate's Buffer Builder,Description of cmpt_362,00000363,na,0
00000364,cmpt_364,25.28.95,00000363,cmpt_363,53.10.35,GPLv3,approved,Nate's Buffer Builder,Description of cmpt_363,00000364,na,0
00000365,cmpt_365,86.57.5,00000364,cmpt_364,25.28.95,GPLv3,approved,Nate's Buffer Builder,Description of cmpt_364,00000365,na,0
00000366,cmpt_366,25.93.39,00000000,cmpt_0,93.75.14,GPLv3,approved,Nate's Buffer Builder,Description of cmpt_0,00000366,na,0
00000367,cmpt_367,65.64.99,00000366,cmpt_366,25.93.39,GPLv3,approved,Nate's Buffer Builder,Description of cmpt_366,00000367,na,0
00000368,cmpt_368,90.6.67,00000367,cmpt_367,65.64.99,GPLv3,approved,Nate's Buffer Builder,Description of cmpt_367,00000368,na,0
00000369,cmpt_369,38.32.18,00000368,cmpt_368,90.6.67,GPLv3,approved,Nate's Buffer Builder,Description of cmpt_368,00000369,na,0
00000370,cmpt_370,10.57.75,00000369,cmpt_369,38.32.18,GPLv3,approved,Nate's Buffer Builder,Description of cmpt_369,00000370,na,0
00000371,cmpt_371,86.47.97,00000370,cmpt_370,10.57.75,GPLv3,approved,Nate's Buffer Builder,Description of cmpt_370,00000371,na,0
00000372,cmpt_372,5.23.93,00000000,cmpt_0,93.75.14,GPLv3,approved,Nate's Buffer Builder,Description of cmpt_0,00000372,na,0
00000373,cmpt_373,41.75.23,00000372,cmpt_372,5.23.93,GPLv3,approved,Nate's Buffer Builder,Description of cmpt_372,00000373,na,0
00000374,cmpt_374,92.30.41,00000373,cmpt_373,41.75.23,GPLv3,approved,Nate's Buffer Builder,Description of cmpt_373,00000374,na,0
00000375,cmpt_375,78.31.9,00000374,cmpt_374,92.30.41,GPLv3,approved,Nate's Buffer Builder,Description of cmpt_374,00000375,na,0
00000376,cmpt_376,78.77.85,00000375,cmpt_375,78.31.9,GPLv3,approved,Nate's Buffer Builder,Description of cmpt_375,00000376,na,0
00000377,cmpt_377,95.38.99,00000376,cmpt_376,78.77.85,GPLv3,approved,Nate's Buffer Builder,Description of cmpt_376,00000377,na,0
00000378,cmpt_378,17.18.92,00000000,cmpt_0,93.75.14,GPLv3,approved,Nate's Buffer Builder,Description of cmpt_0,00000378,na,0
00000379,cmpt_379,30.18.58,00000378,cmpt_378,17.18.92,GPLv3,approved,Nate's Buffer Builder,Description of cmpt_378,00000379,na,0
00000380,cmpt_380,99.48.43,00000379,cmpt_379,30.18.58,GPLv3,approved,Nate's Buffer Builder,Description of cmpt_379,00000380,na,0
00000381,cmpt_381,8.56.43,00000380,cmpt_380,99.48.43,GPLv3,approved,Nate's Buffer Builder,Description of cmpt_380,00000381,na,0
00000382,cmpt_382,24.2.90,00000381,cmpt_381,8.56.43,GPLv3,approved,Nate's Buffer Builder,Description of cmpt_381,00000382,na,0
00000383,cmpt_383,10.51.17,00000382,cmpt_382,24.2.90,GPLv3,approved,Nate's Buffer Builder,Description of cmpt_382,00000383,na,0
00000384,cmpt_384,68.56.94,00000000,cmpt_0,93.75.14,GPLv3,approved,Nate's Buffer Builder,Description of cmpt_0,00000384,na,0
00000385,cmpt_385,14.93.13,00000384,cmpt_384,68.56.94,GPLv3,approved,Nate's Buffer Builder,Description of cmpt_384,00000385,na,0
00000386,cmpt_386,79.29.80,00000385,cmpt_385,14.93.13,GPLv3,approved,Nate's Buffer Builder,Description of cmpt_385,00000386,na,0
00000387,cmpt_387,21.74.38,00000386,cmpt_386,79.29.80,GPLv3,approved,Nate's Buffer Builder,Description of cmpt_386,00000387,na,0
00000388,cmpt_388,58.17.34,00000387,cmpt_387,21.74.38,GPLv3,approved,Nate's Buffer Builder,Description of cmpt_387,00000388,na,0
00000389,cmpt_389,46.31.43,00000388,cmpt_388,58.17.34,GPLv3,approved,Nate's Buffer Builder,Description of cmpt_388,00000389,na,0
00000390,cmpt_390,81.61.53,00000000,cmpt_0,93.75.14,GPLv3,approved,Nate's Buffer Builder,Description of cmpt_0,00000390,na,0
00000391,cmpt_391,89.61.35,00000390,cmpt_390,81.61.53,GPLv3,approved,Nate's Buffer Builder,Description of cmpt_390,00000391,na,0
00000392,cmpt_392,18.95.55,00000391,cmpt_391,89.61.35,GPLv3,approved,Nate's Buffer Builder,Description of cmpt_391,00000392,na,0
00000393,cmpt_393,63.70.68,00000392,cmpt_392,18.95.55,GPLv3,approved,Nate's Buffer Builder,Description of cmpt_392,00000393,na,0
00000394,cmpt_394,25.9.68,00000393,cmpt_393,63.70.68,GPLv3,approved,Nate's Buffer Builder,Description of cmpt_393,00000394,na,0
00000395,cmpt_395,56.70.68,00000394,cmpt_394,25.9.68,GPLv3,approved,Nate's Buffer Builder,Description of cmpt_394,00000395,na,0
00000396,cmpt_396,73.75.18,00000000,cmpt_0,93.75.14,GPLv3,approved,Nate's Buffer Builder,Description of cmpt_0,00000396,na,0
00000397,cmpt_397,97.33.16,00000396,cmpt_396,73.75.18,GPLv3,approved,Nate's Buffer Builder,Description of cmpt_396,00000397,na,0
00000398,cmpt_398,43.23.62,00000397,cmpt_397,97.33.16,GPLv3,approved,Nate's Buffer Builder,Description of cmpt_397,00000398,na,0
00000399,cmpt_399,29.83.55,00000398,cmpt_398,43.23.62,GPLv3,approved,Nate's Buffer Builder,Description of cmpt_398,00000399,na,0
